<?xml version="1.0" encoding="UTF-8"?>
<project-private xmlns="http://www.netbeans.org/ns/project-private/1">
    <editor-bookmarks xmlns="http://www.netbeans.org/ns/editor-bookmarks/2" lastBookmarkId="0"/>
    <open-files xmlns="http://www.netbeans.org/ns/projectui-open-files/2">
        <group>
            <file>file:/home/carlos/Documentos/JavaObjetos/Clase24/src/ar/org/centro8/curso/java/gui/FormAlumnos.java</file>
            <file>file:/home/carlos/Documentos/JavaObjetos/Clase24/src/ar/org/centro8/curso/java/gui/Colegio.java</file>
            <file>file:/home/carlos/Documentos/JavaObjetos/Clase24/src/ar/org/centro8/curso/java/gui/FormCursos.java</file>
        </group>
    </open-files>
</project-private>
