<?xml version="1.0" encoding="UTF-8"?>
<project-private xmlns="http://www.netbeans.org/ns/project-private/1">
    <editor-bookmarks xmlns="http://www.netbeans.org/ns/editor-bookmarks/2" lastBookmarkId="0"/>
    <open-files xmlns="http://www.netbeans.org/ns/projectui-open-files/2">
        <group>
            <file>file:/home/carlos/Documentos/JavaObjetos/Clase21/src/ar/org/centro8/curso/java/repositories/jdbc/CursoRepository.java</file>
            <file>file:/home/carlos/Documentos/JavaObjetos/Clase21/src/ar/org/centro8/curso/java/repositories/interfaces/I_CursoRepository.java</file>
            <file>file:/home/carlos/Documentos/JavaObjetos/Clase21/src/ar/org/centro8/curso/java/sql/DDL_Base_Colegio_MariaDB.sql</file>
            <file>file:/home/carlos/Documentos/JavaObjetos/Clase21/src/ar/org/centro8/curso/java/repositories/interfaces/I_AlumnoRepository.java</file>
        </group>
    </open-files>
</project-private>
