<?xml version="1.0" encoding="UTF-8"?>
<project-private xmlns="http://www.netbeans.org/ns/project-private/1">
    <editor-bookmarks xmlns="http://www.netbeans.org/ns/editor-bookmarks/2" lastBookmarkId="0"/>
    <open-files xmlns="http://www.netbeans.org/ns/projectui-open-files/2">
        <group>
            <file>file:/home/carlos/Documentos/JavaObjetos/Clase15/src/clase15/Gestion.java</file>
            <file>file:/home/carlos/Documentos/JavaObjetos/Clase15/src/clase15/Hola2.java</file>
            <file>file:/home/carlos/Documentos/JavaObjetos/Clase15/src/clase15/Hola3.java</file>
            <file>file:/home/carlos/Documentos/JavaObjetos/Clase15/src/clase15/Calculadora.java</file>
            <file>file:/home/carlos/Documentos/JavaObjetos/Clase15/src/clase15/Hola.java</file>
        </group>
    </open-files>
</project-private>
